player_id,web_name,first_name,second_name,team,team_id,position,price,now_cost,ownership,transfers_in_event,transfers_out_event,status,snapshot_time
1,Raya,David,Raya Martín,Arsenal,1,1,6.0,60,35.0,31493,68621,a,2026-02-21T01:14:44.607717
2,Arrizabalaga,Kepa,Arrizabalaga Revuelta,Arsenal,1,1,4.1,41,0.4,262,428,a,2026-02-21T01:14:44.607717
4,Setford,Tommy,Setford,Arsenal,1,1,3.9,39,0.2,257,399,a,2026-02-21T01:14:44.607717
5,Gabriel,Gabriel,dos Santos Magalhães,Arsenal,1,2,7.1,71,43.0,60570,46710,a,2026-02-21T01:14:44.607717
6,Saliba,William,Saliba,Arsenal,1,2,6.1,61,14.1,21543,58163,a,2026-02-21T01:14:44.607717
7,Calafiori,Riccardo,Calafiori,Arsenal,1,2,5.6,56,6.4,5279,19996,a,2026-02-21T01:14:44.607717
8,J.Timber,Jurriën,Timber,Arsenal,1,2,6.4,64,30.3,37052,146253,a,2026-02-21T01:14:44.607717
10,Lewis-Skelly,Myles,Lewis-Skelly,Arsenal,1,2,5.1,51,1.4,831,1803,a,2026-02-21T01:14:44.607717
11,White,Benjamin,White,Arsenal,1,2,5.1,51,0.5,986,2497,a,2026-02-21T01:14:44.607717
13,Clarke,Brayden,Clarke,Arsenal,1,2,3.8,38,0.4,216,566,a,2026-02-21T01:14:44.607717
15,Nichols,Josh,Nichols,Arsenal,1,2,3.7,37,0.2,2961,783,a,2026-02-21T01:14:44.607717
16,Saka,Bukayo,Saka,Arsenal,1,3,9.8,98,7.7,13138,42723,a,2026-02-21T01:14:44.607717
18,Madueke,Noni,Madueke,Arsenal,1,3,6.8,68,1.4,10930,21272,a,2026-02-21T01:14:44.607717
19,Martinelli,Gabriel,Martinelli Silva,Arsenal,1,3,6.8,68,1.0,1857,9465,a,2026-02-21T01:14:44.607717
20,Trossard,Leandro,Trossard,Arsenal,1,3,6.8,68,1.2,2752,21578,a,2026-02-21T01:14:44.607717
21,Rice,Declan,Rice,Arsenal,1,3,7.6,76,34.6,56058,200017,a,2026-02-21T01:14:44.607717
24,Nørgaard,Christian,Nørgaard,Arsenal,1,3,5.1,51,0.1,164,224,a,2026-02-21T01:14:44.607717
26,Zubimendi,Martín,Zubimendi Ibáñez,Arsenal,1,3,5.3,53,5.6,29274,54976,a,2026-02-21T01:14:44.607717
31,G.Jesus,Gabriel,Fernando de Jesus,Arsenal,1,4,6.4,64,0.6,3951,18801,a,2026-02-21T01:14:44.607717
266,Eze,Eberechi,Eze,Arsenal,1,3,7.2,72,7.7,3586,21481,a,2026-02-21T01:14:44.607717
662,Mosquera,Cristhian,Mosquera,Arsenal,1,2,5.3,53,0.1,593,282,a,2026-02-21T01:14:44.607717
666,Gyökeres,Viktor,Gyökeres,Arsenal,1,4,8.8,88,12.3,19706,152015,a,2026-02-21T01:14:44.607717
711,Harriman-Annous,Andre,Harriman-Annous,Arsenal,1,3,4.4,44,0.0,47,44,a,2026-02-21T01:14:44.607717
725,Hincapie,Piero,Hincapié,Arsenal,1,2,5.1,51,0.6,8395,3020,a,2026-02-21T01:14:44.607717
759,Salmon,Marli,Salmon,Arsenal,1,2,4.0,40,0.0,66,76,a,2026-02-21T01:14:44.607717
32,Martinez,Emiliano,Martínez Romero,Aston Villa,2,1,5.0,50,4.4,90422,6663,a,2026-02-21T01:14:44.607717
36,Cash,Matty,Cash,Aston Villa,2,2,4.9,49,10.9,26580,121730,a,2026-02-21T01:14:44.607717
37,Digne,Lucas,Digne,Aston Villa,2,2,4.5,45,1.6,5871,5058,a,2026-02-21T01:14:44.607717
38,Konsa,Ezri,Konsa Ngoyo,Aston Villa,2,2,4.4,44,7.9,48846,8327,a,2026-02-21T01:14:44.607717
39,Maatsen,Ian,Maatsen,Aston Villa,2,2,4.2,42,0.6,8286,1268,a,2026-02-21T01:14:44.607717
40,Mings,Tyrone,Mings,Aston Villa,2,2,4.3,43,0.7,12587,851,a,2026-02-21T01:14:44.607717
41,Pau,Pau,Torres,Aston Villa,2,2,4.3,43,0.3,782,1071,a,2026-02-21T01:14:44.607717
42,A.García,Andrés,García,Aston Villa,2,2,3.9,39,0.2,146,380,a,2026-02-21T01:14:44.607717
44,Bogarde,Lamare,Bogarde,Aston Villa,2,2,4.0,40,0.5,2181,918,a,2026-02-21T01:14:44.607717
47,Rogers,Morgan,Rogers,Aston Villa,2,3,7.6,76,31.2,186032,82399,a,2026-02-21T01:14:44.607717
49,Bailey,Leon,Bailey,Aston Villa,2,3,5.5,55,0.1,665,285,a,2026-02-21T01:14:44.607717
50,Buendía,Emiliano,Buendía Stati,Aston Villa,2,3,5.3,53,0.5,6226,4931,a,2026-02-21T01:14:44.607717
55,Barkley,Ross,Barkley,Aston Villa,2,3,4.8,48,0.0,228,79,a,2026-02-21T01:14:44.607717
59,Onana,Amadou,Onana,Aston Villa,2,3,4.8,48,0.7,4485,1719,a,2026-02-21T01:14:44.607717
64,Watkins,Ollie,Watkins,Aston Villa,2,4,8.6,86,9.1,46104,45163,a,2026-02-21T01:14:44.607717
456,Sancho,Jadon,Sancho,Aston Villa,2,3,5.8,58,0.2,2304,1021,a,2026-02-21T01:14:44.607717
688,Wright,James,Wright,Aston Villa,2,1,3.9,39,0.6,533,668,a,2026-02-21T01:14:44.607717
699,Douglas Luiz,Douglas Luiz,Soares de Paulo,Aston Villa,2,3,4.9,49,0.1,1655,471,a,2026-02-21T01:14:44.607717
702,Burrowes,Bradley,Burrowes,Aston Villa,2,3,4.4,44,0.1,157,89,a,2026-02-21T01:14:44.607717
703,Proctor,Sam,Proctor,Aston Villa,2,1,3.9,39,0.6,1578,1348,a,2026-02-21T01:14:44.607717
710,Patterson,Travis,Patterson,Aston Villa,2,2,3.9,39,0.2,196,313,a,2026-02-21T01:14:44.607717
719,Lindelöf,Victor,Lindelöf,Aston Villa,2,2,4.5,45,0.1,456,570,a,2026-02-21T01:14:44.607717
754,George Hemmings,George,Hemmings,Aston Villa,2,3,4.5,45,0.0,87,53,a,2026-02-21T01:14:44.607717
757,Hollingshead,Ronnie,Hollingshead,Aston Villa,2,1,4.0,40,0.0,64,42,a,2026-02-21T01:14:44.607717
768,Leon Routh,Leon,Routh,Aston Villa,2,2,4.0,40,0.0,61,58,a,2026-02-21T01:14:44.607717
781,Carroll,TJ,Carroll,Aston Villa,2,2,4.0,40,0.0,81,58,a,2026-02-21T01:14:44.607717
808,Abraham,Tammy,Abraham,Aston Villa,2,4,6.0,60,0.3,7192,5742,a,2026-02-21T01:14:44.607717
183,Weiss,Max,Weiß,Burnley,3,1,4.3,43,0.1,220,179,a,2026-02-21T01:14:44.607717
185,Hladký,Václav,Hladký,Burnley,3,1,3.9,39,0.2,157,179,a,2026-02-21T01:14:44.607717
187,Walker,Kyle,Walker,Burnley,3,2,4.4,44,1.1,1383,1969,a,2026-02-21T01:14:44.607717
190,Ekdal,Hjalmar,Ekdal,Burnley,3,2,3.9,39,0.8,374,1903,a,2026-02-21T01:14:44.607717
191,Estève,Maxime,Estève,Burnley,3,2,3.9,39,7.9,5714,11446,a,2026-02-21T01:14:44.607717
192,Hartman,Quilindschy,Hartman,Burnley,3,2,4.0,40,0.7,343,2214,a,2026-02-21T01:14:44.607717
193,Humphreys,Bashir,Humphreys,Burnley,3,2,3.9,39,0.1,528,452,a,2026-02-21T01:14:44.607717
195,Lucas Pires,Lucas,Pires Silva,Burnley,3,2,3.8,38,0.3,971,952,a,2026-02-21T01:14:44.607717
199,Worrall,Joe,Worrall,Burnley,3,2,3.8,38,0.2,691,223,a,2026-02-21T01:14:44.607717
200,Anthony,Jaidon,Anthony,Burnley,3,3,5.0,50,1.8,3664,3674,a,2026-02-21T01:14:44.607717
202,Bruun Larsen,Jacob,Bruun Larsen,Burnley,3,3,5.3,53,0.0,89,91,a,2026-02-21T01:14:44.607717
203,Boateng,Enock,Agyei,Burnley,3,3,4.7,47,0.0,124,93,a,2026-02-21T01:14:44.607717
206,Edwards,Marcus,Edwards,Burnley,3,3,4.7,47,0.1,1412,884,a,2026-02-21T01:14:44.607717
207,Hannibal,Hannibal,Mejbri,Burnley,3,3,4.7,47,0.1,1277,206,a,2026-02-21T01:14:44.607717
209,Laurent,Josh,Laurent,Burnley,3,3,4.8,48,0.0,110,129,a,2026-02-21T01:14:44.607717
210,Tchaouna,Loum,Tchaouna,Burnley,3,3,4.9,49,0.0,29,65,a,2026-02-21T01:14:44.607717
215,Flemming,Zian,Flemming,Burnley,3,4,5.3,53,0.3,880,1052,a,2026-02-21T01:14:44.607717
217,Foster,Lyle,Foster,Burnley,3,4,4.9,49,0.8,1520,1986,a,2026-02-21T01:14:44.607717
218,Barnes,Ashley,Barnes,Burnley,3,4,4.2,42,1.5,7337,4445,a,2026-02-21T01:14:44.607717
470,Dúbravka,Martin,Dúbravka,Burnley,3,1,4.0,40,32.6,19937,30988,a,2026-02-21T01:14:44.607717
614,Ward-Prowse,James,Ward-Prowse,Burnley,3,3,5.6,56,0.2,228,327,a,2026-02-21T01:14:44.607717
676,Ugochukwu,Lesley,Ugochukwu,Burnley,3,3,5.0,50,0.1,792,452,a,2026-02-21T01:14:44.607717
722,Florentino,Florentino Ibrain,Morris Luís,Burnley,3,3,5.0,50,0.0,148,215,a,2026-02-21T01:14:44.607717
776,Pimlott,Oliver,Pimlott,Burnley,3,3,4.5,45,0.0,123,22,a,2026-02-21T01:14:44.607717
784,Brierley,George,Brierley,Burnley,3,3,4.5,45,0.0,40,30,a,2026-02-21T01:14:44.607717
67,Petrović,Đorđe,Petrović,Bournemouth,4,1,4.5,45,4.3,16357,8744,a,2026-02-21T01:14:44.607717
69,McKenna,Callan,McKenna,Bournemouth,4,1,3.9,39,0.2,698,394,a,2026-02-21T01:14:44.607717
72,Senesi,Marcos,Senesi Barón,Bournemouth,4,2,4.8,48,15.6,64401,42398,a,2026-02-21T01:14:44.607717
73,Smith,Adam,Smith,Bournemouth,4,2,4.4,44,0.2,352,353,a,2026-02-21T01:14:44.607717
74,Truffert,Adrien,Truffert,Bournemouth,4,2,4.5,45,1.8,19912,4001,a,2026-02-21T01:14:44.607717
76,Bevan,Owen,Bevan,Bournemouth,4,2,3.8,38,0.2,569,360,a,2026-02-21T01:14:44.607717
77,Hill,James,Hill,Bournemouth,4,2,4.0,40,4.1,223721,3368,a,2026-02-21T01:14:44.607717
85,Adams,Tyler,Adams,Bournemouth,4,3,4.9,49,0.3,490,209,a,2026-02-21T01:14:44.607717
86,Brooks,David,Brooks,Bournemouth,4,3,5.0,50,0.2,604,408,a,2026-02-21T01:14:44.607717
87,Christie,Ryan,Christie,Bournemouth,4,3,4.9,49,0.1,301,148,a,2026-02-21T01:14:44.607717
88,Cook,Lewis,Cook,Bournemouth,4,3,4.9,49,0.1,559,482,a,2026-02-21T01:14:44.607717
90,Scott,Alex,Scott,Bournemouth,4,3,5.0,50,0.9,24182,5531,a,2026-02-21T01:14:44.607717
97,Evanilson,Francisco Evanilson,de Lima Barbosa,Bournemouth,4,4,7.0,70,2.7,13654,39732,a,2026-02-21T01:14:44.607717
98,Enes Ünal,Enes,Ünal,Bournemouth,4,4,5.4,54,0.0,482,323,a,2026-02-21T01:14:44.607717
100,Kroupi.Jr,Junior,Kroupi,Bournemouth,4,4,4.7,47,7.3,60368,36637,a,2026-02-21T01:14:44.607717
685,Diakité,Bafodé,Diakité,Bournemouth,4,2,4.2,42,0.3,315,746,a,2026-02-21T01:14:44.607717
687,Rees-Dottin,Remy,Rees-Dottin,Bournemouth,4,3,4.3,43,0.2,1764,778,a,2026-02-21T01:14:44.607717
697,Adli,Amine,Adli,Bournemouth,4,3,5.4,54,0.5,40044,2548,a,2026-02-21T01:14:44.607717
713,A.Jimenez,Álex,Jiménez Sánchez,Bournemouth,4,2,4.5,45,0.2,1881,1611,a,2026-02-21T01:14:44.607717
721,Milosavljević,Veljko,Milosavljevic,Bournemouth,4,2,4.4,44,0.0,65,62,a,2026-02-21T01:14:44.607717
756,DaCosta,Malcom,DaCosta,Bournemouth,4,3,4.5,45,0.0,68,54,a,2026-02-21T01:14:44.607717
782,Forster,Fraser,Forster,Bournemouth,4,1,4.0,40,0.0,245,130,a,2026-02-21T01:14:44.607717
799,Stevens,Charlie,Stevens,Bournemouth,4,3,4.5,45,0.0,82,48,a,2026-02-21T01:14:44.607717
801,Tóth.A,Alex,Tóth,Bournemouth,4,3,5.0,50,0.0,63,41,a,2026-02-21T01:14:44.607717
806,Mandas,Christos,Mandas,Bournemouth,4,1,4.0,40,0.0,56,36,a,2026-02-21T01:14:44.607717
807,Rayan,Rayan Vitor,Simplício Rocha,Bournemouth,4,3,5.5,55,1.2,120454,3480,a,2026-02-21T01:14:44.607717
27,Nelson,Reiss,Nelson,Brentford,5,3,4.8,48,0.1,118,99,a,2026-02-21T01:14:44.607717
83,O.Dango,Dango,Ouattara,Brentford,5,3,5.8,58,1.0,63333,3725,a,2026-02-21T01:14:44.607717
101,Kelleher,Caoimhín,Kelleher,Brentford,5,1,4.6,46,10.7,71368,11963,a,2026-02-21T01:14:44.607717
102,Balcombe,Ellery,Balcombe,Brentford,5,1,3.9,39,0.3,268,251,a,2026-02-21T01:14:44.607717
104,Eyestone,Julian,Eyestone,Brentford,5,1,3.9,39,0.1,68,164,a,2026-02-21T01:14:44.607717
105,Valdimarsson,Hákon Rafn,Valdimarsson,Brentford,5,1,3.9,39,0.6,161,550,a,2026-02-21T01:14:44.607717
106,Collins,Nathan,Collins,Brentford,5,2,5.0,50,3.0,9332,28901,a,2026-02-21T01:14:44.607717
107,Lewis-Potter,Keane,Lewis-Potter,Brentford,5,2,4.8,48,1.7,17667,6990,a,2026-02-21T01:14:44.607717
108,Ajer,Kristoffer,Ajer,Brentford,5,2,4.4,44,0.2,4094,604,a,2026-02-21T01:14:44.607717
109,Henry,Rico,Henry,Brentford,5,2,4.3,43,0.2,1138,407,a,2026-02-21T01:14:44.607717
110,Kayode,Michael,Kayode,Brentford,5,2,4.5,45,0.7,10374,1800,a,2026-02-21T01:14:44.607717
111,Pinnock,Ethan,Pinnock,Brentford,5,2,4.2,42,0.1,247,219,a,2026-02-21T01:14:44.607717
113,Van den Berg,Sepp,van den Berg,Brentford,5,2,4.5,45,0.7,7734,1393,a,2026-02-21T01:14:44.607717
116,Hickey,Aaron,Hickey,Brentford,5,2,4.0,40,0.4,483,1129,a,2026-02-21T01:14:44.607717
120,Schade,Kevin,Schade,Brentford,5,3,6.9,69,1.1,12019,10478,a,2026-02-21T01:14:44.607717
121,Damsgaard,Mikkel,Damsgaard,Brentford,5,3,5.6,56,0.4,671,1136,a,2026-02-21T01:14:44.607717
124,Henderson,Jordan,Henderson,Brentford,5,3,5.0,50,0.3,712,1197,a,2026-02-21T01:14:44.607717
125,Janelt,Vitaly,Janelt,Brentford,5,3,4.9,49,0.3,3073,1878,a,2026-02-21T01:14:44.607717
126,Jensen,Mathias,Jensen,Brentford,5,3,4.9,49,0.1,977,279,a,2026-02-21T01:14:44.607717
129,Yarmoliuk,Yehor,Yarmoliuk,Brentford,5,3,5.0,50,0.1,414,595,a,2026-02-21T01:14:44.607717
130,Donovan,Romelle,Donovan,Brentford,5,3,4.4,44,0.1,439,275,a,2026-02-21T01:14:44.607717
136,Thiago,Igor Thiago,Nascimento Rodrigues,Brentford,5,4,7.0,70,31.0,231787,99349,a,2026-02-21T01:14:44.607717
797,Furo,Kaye,Furo,Brentford,5,4,4.5,45,0.0,346,134,a,2026-02-21T01:14:44.607717
810,Bentt,Luka,Bentt,Brentford,5,3,4.5,45,0.0,70,18,a,2026-02-21T01:14:44.607717
138,Steele,Jason,Steele,Brighton,6,1,4.2,42,0.2,222,244,a,2026-02-21T01:14:44.607717
139,Verbruggen,Bart,Verbruggen,Brighton,6,1,4.5,45,5.5,6248,14448,a,2026-02-21T01:14:44.607717
140,McGill,Tom,McGill,Brighton,6,1,3.9,39,0.3,245,226,a,2026-02-21T01:14:44.607717
143,Boscagli,Olivier,Boscagli,Brighton,6,2,4.2,42,0.1,165,150,a,2026-02-21T01:14:44.607717
145,De Cuyper,Maxim,De Cuyper,Brighton,6,2,4.3,43,1.8,888,5175,a,2026-02-21T01:14:44.607717
146,Dunk,Lewis,Dunk,Brighton,6,2,4.5,45,1.0,2663,1909,a,2026-02-21T01:14:44.607717
148,F.Kadıoğlu,Ferdi,Kadıoğlu,Brighton,6,2,4.4,44,0.3,1337,1573,a,2026-02-21T01:14:44.607717
149,Igor,Igor Julio,dos Santos de Paulo,Brighton,6,2,4.5,45,0.1,161,156,a,2026-02-21T01:14:44.607717
151,Van Hecke,Jan Paul,van Hecke,Brighton,6,2,4.4,44,3.6,7967,16430,a,2026-02-21T01:14:44.607717
152,Veltman,Joël,Veltman,Brighton,6,2,4.3,43,0.1,169,399,a,2026-02-21T01:14:44.607717
156,Tasker,Charlie,Tasker,Brighton,6,2,3.8,38,0.2,385,244,a,2026-02-21T01:14:44.607717
157,Mitoma,Mitoma,Kaoru,Brighton,6,3,6.1,61,2.0,3361,5346,a,2026-02-21T01:14:44.607717
158,Georginio,Georginio,Rutter,Brighton,6,3,5.6,56,0.4,429,2246,a,2026-02-21T01:14:44.607717
160,Minteh,Yankuba,Minteh,Brighton,6,3,5.6,56,2.0,2053,12065,a,2026-02-21T01:14:44.607717
163,Hinshelwood,Jack,Hinshelwood,Brighton,6,3,5.1,51,0.0,194,202,a,2026-02-21T01:14:44.607717
164,O'Riley,Matt,O'Riley,Brighton,6,3,5.5,55,0.3,253,113,a,2026-02-21T01:14:44.607717
167,Baleba,Carlos,Baleba,Brighton,6,3,4.5,45,1.5,5675,3242,a,2026-02-21T01:14:44.607717
169,Gomez,Diego,Gómez Amarilla,Brighton,6,3,4.9,49,0.2,567,717,a,2026-02-21T01:14:44.607717
170,Milner,James,Milner,Brighton,6,3,4.9,49,0.1,216,155,a,2026-02-21T01:14:44.607717
173,Wieffer,Mats,Wieffer,Brighton,6,3,4.9,49,0.1,70,348,a,2026-02-21T01:14:44.607717
178,Welbeck,Danny,Welbeck,Brighton,6,4,6.1,61,3.6,6789,20098,a,2026-02-21T01:14:44.607717
181,Kostoulas,Charalampos,Kostoulas,Brighton,6,4,4.8,48,0.4,1266,1223,a,2026-02-21T01:14:44.607717
744,Oriola,Nehemiah,Oriola,Brighton,6,3,4.5,45,0.0,70,66,a,2026-02-21T01:14:44.607717
761,Simmonds,Freddie,Simmonds,Brighton,6,2,4.0,40,0.0,74,50,a,2026-02-21T01:14:44.607717
783,Groß,Pascal,Groß,Brighton,6,3,5.5,55,0.1,1454,1099,a,2026-02-21T01:14:44.607717
795,Howell,Harry,Howell,Brighton,6,3,4.5,45,0.0,120,40,a,2026-02-21T01:14:44.607717
220,Sánchez,Robert,Lynch Sánchez,Chelsea,7,1,4.9,49,15.0,23585,36078,a,2026-02-21T01:14:44.607717
223,Slonina,Gabriel,Słonina,Chelsea,7,1,3.9,39,0.1,56,176,a,2026-02-21T01:14:44.607717
225,James,Reece,James,Chelsea,7,2,5.6,56,8.2,21508,73795,a,2026-02-21T01:14:44.607717
226,Chalobah,Trevoh,Chalobah,Chelsea,7,2,5.8,58,23.9,85923,77536,a,2026-02-21T01:14:44.607717
228,Gusto,Malo,Gusto,Chelsea,7,2,4.9,49,2.0,11336,11081,a,2026-02-21T01:14:44.607717
229,B.Badiashile,Benoît,Badiashile Mukinayi,Chelsea,7,2,4.4,44,0.0,72,548,a,2026-02-21T01:14:44.607717
230,Fofana,Wesley,Fofana,Chelsea,7,2,4.4,44,0.5,2542,2905,a,2026-02-21T01:14:44.607717
231,M.Sarr,Mamadou,Sarr,Chelsea,7,2,4.5,45,0.0,516,136,a,2026-02-21T01:14:44.607717
232,Tosin,Tosin,Adarabioyo,Chelsea,7,2,4.0,40,0.2,269,368,a,2026-02-21T01:14:44.607717
233,Acheampong,Josh,Acheampong,Chelsea,7,2,3.7,37,1.5,15786,5902,a,2026-02-21T01:14:44.607717
235,Palmer,Cole,Palmer,Chelsea,7,3,10.6,106,16.6,333654,7549,a,2026-02-21T01:14:44.607717
236,Neto,Pedro,Lomba Neto,Chelsea,7,3,7.0,70,4.9,17089,29410,a,2026-02-21T01:14:44.607717
237,Enzo,Enzo,Fernández,Chelsea,7,3,6.9,69,22.5,94188,173918,a,2026-02-21T01:14:44.607717
238,Estêvão,Estêvão,Almeida de Oliveira Gonçalves,Chelsea,7,3,6.4,64,2.4,9889,16774,a,2026-02-21T01:14:44.607717
241,Caicedo,Moisés,Caicedo Corozo,Chelsea,7,3,5.7,57,7.9,13387,22275,a,2026-02-21T01:14:44.607717
246,Andrey Santos,Andrey,Nascimento dos Santos,Chelsea,7,3,4.5,45,0.3,1797,912,a,2026-02-21T01:14:44.607717
249,João Pedro,João Pedro,Junqueira de Jesus,Chelsea,7,4,7.7,77,47.1,351697,16222,a,2026-02-21T01:14:44.607717
250,Delap,Liam,Delap,Chelsea,7,4,6.2,62,0.9,1667,3078,a,2026-02-21T01:14:44.607717
252,Marc Guiu,Marc,Guiu Paz,Chelsea,7,4,4.2,42,5.9,8452,16824,a,2026-02-21T01:14:44.607717
453,Garnacho,Alejandro,Garnacho Ferreyra,Chelsea,7,3,6.4,64,0.5,804,3323,a,2026-02-21T01:14:44.607717
672,Hato,Jorrel,Hato,Chelsea,7,2,4.6,46,0.2,1545,394,a,2026-02-21T01:14:44.607717
743,Emenalo,Landon,Emenalo,Chelsea,7,3,4.5,45,0.0,35,39,a,2026-02-21T01:14:44.607717
789,Merrick,Max,Merrick,Chelsea,7,1,4.0,40,0.0,27,44,a,2026-02-21T01:14:44.607717
803,Sharman-Lowe,Teddy,Sharman-Lowe,Chelsea,7,1,4.0,40,0.0,21,14,a,2026-02-21T01:14:44.607717
253,Henderson,Dean,Henderson,Crystal Palace,8,1,5.0,50,7.4,10353,14953,a,2026-02-21T01:14:44.607717
254,Benitez,Walter,Benítez,Crystal Palace,8,1,4.0,40,0.3,395,375,a,2026-02-21T01:14:44.607717
255,Matthews,Remi,Matthews,Crystal Palace,8,1,3.9,39,0.1,121,92,a,2026-02-21T01:14:44.607717
256,Muñoz,Daniel,Muñoz Mejía,Crystal Palace,8,2,5.9,59,8.3,57932,15737,a,2026-02-21T01:14:44.607717
258,Mitchell,Tyrick,Mitchell,Crystal Palace,8,2,5.0,50,2.1,7693,4985,a,2026-02-21T01:14:44.607717
259,Sosa,Borna,Sosa,Crystal Palace,8,2,4.8,48,0.1,437,222,a,2026-02-21T01:14:44.607717
261,Richards,Chris,Richards,Crystal Palace,8,2,4.4,44,2.7,17220,8141,a,2026-02-21T01:14:44.607717
262,Chadi Riad,Chadi,Riad Dnanou,Crystal Palace,8,2,4.0,40,0.0,329,207,a,2026-02-21T01:14:44.607717
263,Clyne,Nathaniel,Clyne,Crystal Palace,8,2,3.8,38,0.6,752,1586,a,2026-02-21T01:14:44.607717
265,Kporha,Caleb,Kporha,Crystal Palace,8,2,4.0,40,0.0,23,19,a,2026-02-21T01:14:44.607717
267,Sarr,Ismaïla,Sarr,Crystal Palace,8,3,6.4,64,4.0,35450,11219,a,2026-02-21T01:14:44.607717
270,Hughes,Will,Hughes,Crystal Palace,8,3,4.7,47,0.1,424,427,a,2026-02-21T01:14:44.607717
271,Kamada,Daichi,Kamada,Crystal Palace,8,3,5.0,50,0.1,237,115,a,2026-02-21T01:14:44.607717
273,Wharton,Adam,Wharton,Crystal Palace,8,3,5.0,50,0.6,4309,1856,a,2026-02-21T01:14:44.607717
274,Agbinone,Asher,Agbinone,Crystal Palace,8,3,4.3,43,0.1,1440,485,a,2026-02-21T01:14:44.607717
276,Devenny,Justin,Devenny,Crystal Palace,8,3,4.3,43,1.3,7006,3954,a,2026-02-21T01:14:44.607717
281,Rodney,Kaden,Rodney,Crystal Palace,8,3,4.4,44,0.0,144,116,a,2026-02-21T01:14:44.607717
286,Marsh,Zach,Marsh,Crystal Palace,8,4,4.4,44,0.3,1058,832,a,2026-02-21T01:14:44.607717
580,Johnson,Brennan,Johnson,Crystal Palace,8,3,6.5,65,2.4,1568,4269,a,2026-02-21T01:14:44.607717
654,Strand Larsen,Jørgen,Strand Larsen,Crystal Palace,8,4,6.2,62,2.3,119782,4785,a,2026-02-21T01:14:44.607717
677,Guessand,Evann,Guessand,Crystal Palace,8,3,6.2,62,0.0,416,178,a,2026-02-21T01:14:44.607717
690,Cardines,Rio,Cardines,Crystal Palace,8,3,4.4,44,0.3,20,270,a,2026-02-21T01:14:44.607717
712,Yeremy,Yéremy,Pino Santos,Crystal Palace,8,3,5.8,58,0.2,862,2150,a,2026-02-21T01:14:44.607717
723,Canvot,Jaydee,Canvot,Crystal Palace,8,2,4.5,45,0.0,87,171,a,2026-02-21T01:14:44.607717
732,Uche,Christantus,Uche,Crystal Palace,8,4,5.5,55,0.1,370,359,a,2026-02-21T01:14:44.607717
762,Drakes-Thomas,Joél,Drakes-Thomas,Crystal Palace,8,3,4.5,45,0.0,23,25,a,2026-02-21T01:14:44.607717
773,Benamar,Dean,Benamar,Crystal Palace,8,2,4.0,40,0.0,42,39,a,2026-02-21T01:14:44.607717
780,Casey,Ben,Casey,Crystal Palace,8,4,4.5,45,0.0,398,215,a,2026-02-21T01:14:44.607717
793,King,George,King,Crystal Palace,8,2,4.0,40,0.0,150,96,a,2026-02-21T01:14:44.607717
242,Dewsbury-Hall,Kiernan,Dewsbury-Hall,Everton,9,3,4.9,49,3.3,35875,14313,a,2026-02-21T01:14:44.607717
243,George,Tyrique,George,Everton,9,3,4.8,48,0.1,402,220,a,2026-02-21T01:14:44.607717
287,Pickford,Jordan,Pickford,Everton,9,1,5.6,56,13.4,13079,63736,a,2026-02-21T01:14:44.607717
288,Travers,Mark,Travers,Everton,9,1,4.3,43,0.1,72,115,a,2026-02-21T01:14:44.607717
290,Branthwaite,Jarrad,Branthwaite,Everton,9,2,5.3,53,0.2,2397,794,a,2026-02-21T01:14:44.607717
291,Tarkowski,James,Tarkowski,Everton,9,2,5.7,57,11.7,13814,121909,a,2026-02-21T01:14:44.607717
292,Mykolenko,Vitalii,Mykolenko,Everton,9,2,4.9,49,0.6,1284,3903,a,2026-02-21T01:14:44.607717
294,Coleman,Séamus,Coleman,Everton,9,2,4.2,42,0.1,185,135,a,2026-02-21T01:14:44.607717
295,Keane,Michael,Keane,Everton,9,2,4.7,47,3.6,6646,29292,a,2026-02-21T01:14:44.607717
296,Patterson,Nathan,Patterson,Everton,9,2,4.4,44,0.0,67,253,a,2026-02-21T01:14:44.607717
298,Welch,Reece,Welch,Everton,9,2,3.8,38,0.1,159,189,a,2026-02-21T01:14:44.607717
299,Ndiaye,Iliman,Ndiaye,Everton,9,3,6.2,62,3.9,15563,10274,a,2026-02-21T01:14:44.607717
300,McNeil,Dwight,McNeil,Everton,9,3,5.5,55,0.1,145,839,a,2026-02-21T01:14:44.607717
301,Alcaraz,Carlos,Alcaraz Durán,Everton,9,3,5.2,52,0.1,126,145,a,2026-02-21T01:14:44.607717
302,Gana,Idrissa Gana,Gueye,Everton,9,3,5.4,54,0.1,351,344,a,2026-02-21T01:14:44.607717
303,Garner,James,Garner,Everton,9,3,5.2,52,4.0,16028,42590,a,2026-02-21T01:14:44.607717
304,Iroegbunam,Tim,Iroegbunam,Everton,9,3,4.8,48,0.0,80,131,a,2026-02-21T01:14:44.607717
305,Armstrong,Harrison,Armstrong,Everton,9,3,4.5,45,0.1,563,482,a,2026-02-21T01:14:44.607717
306,Bates,Callum,Bates,Everton,9,3,4.3,43,0.1,733,395,a,2026-02-21T01:14:44.607717
307,Ebere,Coby,Ebere,Everton,9,3,4.4,44,0.0,117,82,a,2026-02-21T01:14:44.607717
310,Barry,Thierno,Barry,Everton,9,4,5.7,57,1.2,7404,19815,a,2026-02-21T01:14:44.607717
311,Beto,Norberto Bercique,Gomes Betuncal,Everton,9,4,5.0,50,2.4,3408,6857,a,2026-02-21T01:14:44.607717
630,King,Tom,King,Everton,9,1,3.9,39,1.3,648,1178,a,2026-02-21T01:14:44.607717
667,Aznou,Adam,Aznou,Everton,9,2,4.2,42,0.1,44,93,a,2026-02-21T01:14:44.607717
707,Dibling,Tyler,Dibling,Everton,9,3,5.3,53,0.0,45,117,a,2026-02-21T01:14:44.607717
728,Röhl,Merlin,Röhl,Everton,9,3,5.0,50,0.0,26,51,a,2026-02-21T01:14:44.607717
779,Graham,Braiden,Graham,Everton,9,4,4.5,45,0.0,530,333,a,2026-02-21T01:14:44.607717
314,Leno,Bernd,Leno,Fulham,10,1,4.9,49,1.5,1116,3251,a,2026-02-21T01:14:44.607717
316,Robinson,Antonee,Robinson,Fulham,10,2,4.9,49,0.7,1909,3687,a,2026-02-21T01:14:44.607717
317,Andersen,Joachim,Andersen,Fulham,10,2,4.5,45,4.6,7122,15278,a,2026-02-21T01:14:44.607717
318,Bassey,Calvin,Bassey,Fulham,10,2,4.4,44,0.4,1107,816,a,2026-02-21T01:14:44.607717
319,Castagne,Timothy,Castagne,Fulham,10,2,4.3,43,0.1,208,279,a,2026-02-21T01:14:44.607717
320,Diop,Issa,Diop,Fulham,10,2,4.3,43,0.1,105,144,a,2026-02-21T01:14:44.607717
321,J.Cuenca,Jorge,Cuenca Barreno,Fulham,10,2,4.3,43,0.1,115,219,a,2026-02-21T01:14:44.607717
322,Tete,Kenny,Tete,Fulham,10,2,4.5,45,0.3,358,837,a,2026-02-21T01:14:44.607717
323,Amissah,Samuel,Amissah,Fulham,10,2,3.8,38,0.1,140,174,a,2026-02-21T01:14:44.607717
324,Iwobi,Alex,Iwobi,Fulham,10,3,6.3,63,0.7,1697,1231,a,2026-02-21T01:14:44.607717
325,Smith Rowe,Emile,Smith Rowe,Fulham,10,3,5.6,56,0.6,970,2458,a,2026-02-21T01:14:44.607717
328,Sessegnon,Ryan,Sessegnon,Fulham,10,3,5.4,54,0.2,525,383,a,2026-02-21T01:14:44.607717
329,Wilson,Harry,Wilson,Fulham,10,3,6.0,60,20.0,66275,167839,a,2026-02-21T01:14:44.607717
330,Berge,Sander,Berge,Fulham,10,3,4.9,49,0.1,187,264,a,2026-02-21T01:14:44.607717
335,King,Josh,King,Fulham,10,3,4.4,44,1.8,6867,5450,a,2026-02-21T01:14:44.607717
336,Reed,Harrison,Reed,Fulham,10,3,4.3,43,0.4,3288,1740,a,2026-02-21T01:14:44.607717
337,Raúl,Raúl,Jiménez Rodríguez,Fulham,10,4,6.1,61,1.7,11241,12721,a,2026-02-21T01:14:44.607717
338,Muniz,Rodrigo,Muniz Carvalho,Fulham,10,4,5.3,53,0.7,1348,526,a,2026-02-21T01:14:44.607717
424,Bobb,Oscar,Bobb,Fulham,10,3,5.1,51,0.2,945,340,a,2026-02-21T01:14:44.607717
664,Lecomte,Benjamin,Lecomte,Fulham,10,1,3.9,39,0.7,621,697,a,2026-02-21T01:14:44.607717
731,Kevin,Kevin,Santos Lopes de Macedo,Fulham,10,3,5.8,58,0.1,667,463,a,2026-02-21T01:14:44.607717
737,Kusi-Asare,Jonah,Kusi-Asare,Fulham,10,4,4.5,45,0.1,754,463,a,2026-02-21T01:14:44.607717
770,Ridgeon,Seth,Ridgeon,Fulham,10,3,4.5,45,0.0,30,31,a,2026-02-21T01:14:44.607717
786,McNally,Alfie,McNally,Fulham,10,1,4.0,40,0.0,84,45,a,2026-02-21T01:14:44.607717
168,Buonanotte,Facundo,Buonanotte,Leeds,11,3,4.6,46,0.1,384,392,a,2026-02-21T01:14:44.607717
339,Meslier,Illan,Meslier,Leeds,11,1,4.1,41,0.3,283,349,a,2026-02-21T01:14:44.607717
340,Cairns,Alex,Cairns,Leeds,11,1,3.9,39,0.2,127,166,a,2026-02-21T01:14:44.607717
341,Darlow,Karl,Darlow,Leeds,11,1,3.9,39,2.3,11858,3339,a,2026-02-21T01:14:44.607717
342,Bogle,Jayden,Bogle,Leeds,11,2,4.4,44,0.2,2887,753,a,2026-02-21T01:14:44.607717
343,Struijk,Pascal,Struijk,Leeds,11,2,4.3,43,0.4,573,6920,a,2026-02-21T01:14:44.607717
344,Bijol,Jaka,Bijol,Leeds,11,2,3.9,39,0.4,745,1020,a,2026-02-21T01:14:44.607717
345,Bornauw,Sebastiaan,Bornauw,Leeds,11,2,3.8,38,0.1,808,542,a,2026-02-21T01:14:44.607717
346,Byram,Sam,Byram,Leeds,11,2,3.8,38,0.2,180,358,a,2026-02-21T01:14:44.607717
347,Gudmundsson,Gabriel,Gudmundsson,Leeds,11,2,3.8,38,3.8,9181,9137,a,2026-02-21T01:14:44.607717
348,Rodon,Joe,Rodon,Leeds,11,2,3.9,39,3.8,18148,8087,a,2026-02-21T01:14:44.607717
350,Aaronson,Brenden,Aaronson,Leeds,11,3,5.4,54,0.7,4572,10257,a,2026-02-21T01:14:44.607717
351,Gnonto,Wilfried,Gnonto,Leeds,11,3,5.2,52,0.1,124,167,a,2026-02-21T01:14:44.607717
353,James,Daniel,James,Leeds,11,3,5.2,52,0.1,145,104,a,2026-02-21T01:14:44.607717
354,Ampadu,Ethan,Ampadu,Leeds,11,3,4.9,49,0.2,1040,1121,a,2026-02-21T01:14:44.607717
356,Gruev,Ilia,Gruev,Leeds,11,3,4.7,47,0.1,2266,1075,a,2026-02-21T01:14:44.607717
358,Tanaka,Tanaka,Ao,Leeds,11,3,4.8,48,0.2,312,1232,a,2026-02-21T01:14:44.607717
362,Piroe,Joël,Piroe,Leeds,11,4,4.9,49,0.3,357,628,a,2026-02-21T01:14:44.607717
365,Nmecha,Lukas,Nmecha,Leeds,11,4,5.0,50,0.6,11581,1724,a,2026-02-21T01:14:44.607717
493,Longstaff,Sean,Longstaff,Leeds,11,3,4.8,48,0.2,250,478,a,2026-02-21T01:14:44.607717
660,Stach,Anton,Stach,Leeds,11,3,4.7,47,1.8,5509,18391,a,2026-02-21T01:14:44.607717
665,Perri,Lucas Estella,Perri,Leeds,11,1,4.5,45,0.3,587,959,a,2026-02-21T01:14:44.607717
691,Calvert-Lewin,Dominic,Calvert-Lewin,Leeds,11,4,5.9,59,10.5,38124,132642,a,2026-02-21T01:14:44.607717
706,Justin,James,Justin,Leeds,11,2,3.9,39,1.0,11508,5311,a,2026-02-21T01:14:44.607717
787,Chambers,Sam,Chambers,Leeds,11,3,4.4,44,0.0,282,140,a,2026-02-21T01:14:44.607717
366,A.Becker,Alisson,Becker,Liverpool,12,1,5.4,54,5.8,15963,6112,a,2026-02-21T01:14:44.607717
367,Mamardashvili,Giorgi,Mamardashvili,Liverpool,12,1,4.1,41,0.5,562,1063,a,2026-02-21T01:14:44.607717
368,Pécsi,Ármin,Pécsi,Liverpool,12,1,3.8,38,0.8,12651,3088,a,2026-02-21T01:14:44.607717
369,Woodman,Freddie,Woodman,Liverpool,12,1,3.9,39,0.2,110,255,a,2026-02-21T01:14:44.607717
371,Kerkez,Milos,Kerkez,Liverpool,12,2,5.6,56,2.9,7908,5004,a,2026-02-21T01:14:44.607717
372,Robertson,Andrew,Robertson,Liverpool,12,2,5.7,57,1.0,1922,800,a,2026-02-21T01:14:44.607717
373,Virgil,Virgil,van Dijk,Liverpool,12,2,5.9,59,22.8,238418,13683,a,2026-02-21T01:14:44.607717
374,Konaté,Ibrahima,Konaté,Liverpool,12,2,5.4,54,3.2,33001,5719,a,2026-02-21T01:14:44.607717
376,Gomez,Joe,Gomez,Liverpool,12,2,4.9,49,0.1,437,146,a,2026-02-21T01:14:44.607717
378,Nallo,Amara,Nallo,Liverpool,12,2,3.7,37,1.2,3677,5987,a,2026-02-21T01:14:44.607717
379,R.Williams,Rhys,Williams,Liverpool,12,2,3.7,37,0.6,5628,3796,a,2026-02-21T01:14:44.607717
380,Ramsay,Calvin,Ramsay,Liverpool,12,2,3.8,38,0.2,221,324,a,2026-02-21T01:14:44.607717
381,M.Salah,Mohamed,Salah,Liverpool,12,3,14.0,140,14.2,13583,8639,a,2026-02-21T01:14:44.607717
382,Wirtz,Florian,Wirtz,Liverpool,12,3,8.4,84,13.8,73226,59469,a,2026-02-21T01:14:44.607717
384,Gakpo,Cody,Gakpo,Liverpool,12,3,7.3,73,5.3,9345,10747,a,2026-02-21T01:14:44.607717
385,Chiesa,Federico,Chiesa,Liverpool,12,3,6.3,63,0.3,265,388,a,2026-02-21T01:14:44.607717
386,Mac Allister,Alexis,Mac Allister,Liverpool,12,3,6.2,62,1.2,3123,2731,a,2026-02-21T01:14:44.607717
387,Szoboszlai,Dominik,Szoboszlai,Liverpool,12,3,6.7,67,6.4,163912,24411,a,2026-02-21T01:14:44.607717
388,C.Jones,Curtis,Jones,Liverpool,12,3,5.4,54,0.1,303,550,a,2026-02-21T01:14:44.607717
390,Gravenberch,Ryan,Gravenberch,Liverpool,12,3,5.5,55,4.7,35228,22450,a,2026-02-21T01:14:44.607717
396,Nyoni,Trey,Nyoni,Liverpool,12,3,4.3,43,0.3,280,634,a,2026-02-21T01:14:44.607717
661,Ekitiké,Hugo,Ekitiké,Liverpool,12,4,8.9,89,26.1,164828,84149,a,2026-02-21T01:14:44.607717
686,Ngumoha,Rio,Ngumoha,Liverpool,12,3,4.3,43,0.8,4602,4089,a,2026-02-21T01:14:44.607717
746,Morrison,Kieran,Morrison,Liverpool,12,3,4.5,45,0.0,30,39,a,2026-02-21T01:14:44.607717
760,Lucky,Wellity,Lucky,Liverpool,12,2,4.0,40,0.0,51,75,a,2026-02-21T01:14:44.607717
82,Semenyo,Antoine,Semenyo,Man City,13,3,8.0,80,51.0,312663,29722,a,2026-02-21T01:14:44.607717
182,Trafford,James,Trafford,Man City,13,1,4.5,45,0.9,146,664,a,2026-02-21T01:14:44.607717
260,Guéhi,Marc,Guéhi,Man City,13,2,5.2,52,37.2,129524,43745,a,2026-02-21T01:14:44.607717
401,Bettinelli,Marcus,Bettinelli,Man City,13,1,3.8,38,0.4,5832,3123,a,2026-02-21T01:14:44.607717
402,Aït-Nouri,Rayan,Aït-Nouri,Man City,13,2,5.7,57,3.8,9844,1920,a,2026-02-21T01:14:44.607717
405,Aké,Nathan,Aké,Man City,13,2,5.3,53,0.6,394,1159,a,2026-02-21T01:14:44.607717
406,Khusanov,Abdukodir,Khusanov,Man City,13,2,5.4,54,0.4,2019,1510,a,2026-02-21T01:14:44.607717
407,Matheus N.,Matheus,Nunes,Man City,13,2,5.4,54,3.3,24460,15394,a,2026-02-21T01:14:44.607717
408,Rúben,Rúben,dos Santos Gato Alves Dias,Man City,13,2,5.5,55,3.3,7877,4442,a,2026-02-21T01:14:44.607717
409,Stones,John,Stones,Man City,13,2,5.4,54,0.6,344,215,a,2026-02-21T01:14:44.607717
410,Lewis,Rico,Lewis,Man City,13,2,4.6,46,1.2,611,1460,a,2026-02-21T01:14:44.607717
411,O'Reilly,Nico,O'Reilly,Man City,13,2,4.9,49,5.0,63097,12793,a,2026-02-21T01:14:44.607717
413,Marmoush,Omar,Marmoush,Man City,13,3,8.3,83,2.5,6279,5288,a,2026-02-21T01:14:44.607717
414,Foden,Phil,Foden,Man City,13,3,8.2,82,9.6,4382,79723,a,2026-02-21T01:14:44.607717
415,Savinho,Sávio,Moreira de Oliveira,Man City,13,3,6.9,69,0.4,72,289,a,2026-02-21T01:14:44.607717
416,Bernardo,Bernardo,Mota Veiga de Carvalho e Silva,Man City,13,3,6.2,62,0.6,4515,2612,a,2026-02-21T01:14:44.607717
417,Cherki,Rayan,Cherki,Man City,13,3,6.5,65,8.7,24220,97187,a,2026-02-21T01:14:44.607717
421,Rodrigo,Rodrigo 'Rodri',Hernandez Cascante,Man City,13,3,6.3,63,0.5,1271,1002,a,2026-02-21T01:14:44.607717
423,N.Gonzalez,Nico,González Iglesias,Man City,13,3,5.9,59,0.1,201,301,a,2026-02-21T01:14:44.607717
427,Reijnders,Tijjani,Reijnders,Man City,13,3,5.1,51,10.2,5334,32905,a,2026-02-21T01:14:44.607717
428,Nypan,Sverre,Nypan,Man City,13,3,5.0,50,0.0,19,30,a,2026-02-21T01:14:44.607717
430,Haaland,Erling,Haaland,Man City,13,4,14.9,149,67.3,25609,198662,a,2026-02-21T01:14:44.607717
736,Donnarumma,Gianluigi,Donnarumma,Man City,13,1,5.6,56,9.0,34469,21241,a,2026-02-21T01:14:44.607717
742,McAidoo,Ryan,McAidoo,Man City,13,3,4.5,45,0.0,46,31,a,2026-02-21T01:14:44.607717
763,Gray,Charlie,Gray,Man City,13,3,4.5,45,0.0,20,27,a,2026-02-21T01:14:44.607717
764,Heskey,Reigan,Heskey,Man City,13,3,4.5,45,0.0,17,15,a,2026-02-21T01:14:44.607717
119,Mbeumo,Bryan,Mbeumo,Man Utd,14,3,8.6,86,22.7,116855,66005,a,2026-02-21T01:14:44.607717
431,Bayindir,Altay,Bayındır,Man Utd,14,1,4.7,47,0.3,280,423,a,2026-02-21T01:14:44.607717
434,Heaton,Tom,Heaton,Man Utd,14,1,3.9,39,0.3,155,293,a,2026-02-21T01:14:44.607717
435,Mee,Dermot,Mee,Man Utd,14,1,3.9,39,0.1,54,98,a,2026-02-21T01:14:44.607717
437,Martinez,Lisandro,Martínez,Man Utd,14,2,4.8,48,1.0,11620,5305,a,2026-02-21T01:14:44.607717
438,Mazraoui,Noussair,Mazraoui,Man Utd,14,2,4.9,49,0.2,899,832,a,2026-02-21T01:14:44.607717
439,D.Leon,Diego,León Blanco,Man Utd,14,2,4.2,42,0.1,52,80,a,2026-02-21T01:14:44.607717
440,Dalot,Diogo,Dalot Teixeira,Man Utd,14,2,4.5,45,4.6,27238,20647,a,2026-02-21T01:14:44.607717
442,Maguire,Harry,Maguire,Man Utd,14,2,4.3,43,1.7,11626,7335,a,2026-02-21T01:14:44.607717
443,Shaw,Luke,Shaw,Man Utd,14,2,4.5,45,0.8,5317,3138,a,2026-02-21T01:14:44.607717
444,Yoro,Leny,Yoro,Man Utd,14,2,4.1,41,1.2,1207,1802,a,2026-02-21T01:14:44.607717
446,Fredricson,Tyler,Fredricson,Man Utd,14,2,3.8,38,0.1,49,181,a,2026-02-21T01:14:44.607717
447,Heaven,Ayden,Heaven,Man Utd,14,2,3.7,37,2.1,21474,10361,a,2026-02-21T01:14:44.607717
448,Malacia,Tyrell,Malacia,Man Utd,14,2,3.8,38,0.4,201,666,a,2026-02-21T01:14:44.607717
449,B.Fernandes,Bruno,Borges Fernandes,Man Utd,14,3,9.8,98,37.0,130198,66507,a,2026-02-21T01:14:44.607717
450,Cunha,Matheus,Santos Carneiro da Cunha,Man Utd,14,3,8.1,81,8.3,19688,81322,a,2026-02-21T01:14:44.607717
452,Amad,Amad,Diallo,Man Utd,14,3,6.2,62,1.8,11021,15527,a,2026-02-21T01:14:44.607717
457,Casemiro,Carlos Henrique,Casimiro,Man Utd,14,3,5.6,56,2.4,33397,17994,a,2026-02-21T01:14:44.607717
458,Mainoo,Kobbie,Mainoo,Man Utd,14,3,4.6,46,1.3,24186,6789,a,2026-02-21T01:14:44.607717
459,Ugarte,Manuel,Ugarte Ribeiro,Man Utd,14,3,4.7,47,0.2,293,594,a,2026-02-21T01:14:44.607717
461,Fitzgerald,Jayce,Fitzgerald,Man Utd,14,3,4.3,43,0.0,118,71,a,2026-02-21T01:14:44.607717
462,J.Fletcher,Jack,Fletcher,Man Utd,14,3,4.3,43,0.1,399,338,a,2026-02-21T01:14:44.607717
466,Zirkzee,Joshua,Zirkzee,Man Utd,14,4,5.8,58,0.4,845,1120,a,2026-02-21T01:14:44.607717
467,Obi,Chido,Obi,Man Utd,14,4,4.2,42,1.6,2476,4520,a,2026-02-21T01:14:44.607717
681,Šeško,Benjamin,Sesko,Man Utd,14,4,7.2,72,3.5,24353,6735,a,2026-02-21T01:14:44.607717
733,Lammens,Senne,Lammens,Man Utd,14,1,5.0,50,2.1,9990,8551,a,2026-02-21T01:14:44.607717
755,Lacey,Shea,Lacey,Man Utd,14,3,4.5,45,0.0,92,152,a,2026-02-21T01:14:44.607717
769,Bendito Mantato,Bendito,Mantato,Man Utd,14,3,4.5,45,0.0,27,21,a,2026-02-21T01:14:44.607717
771,Fletcher,Tyler,Fletcher,Man Utd,14,3,4.4,44,0.0,188,121,a,2026-02-21T01:14:44.607717
788,Kukonki,Godwill,Kukonki,Man Utd,14,2,4.0,40,0.0,45,50,a,2026-02-21T01:14:44.607717
52,J.Ramsey,Jacob,Ramsey,Newcastle,15,3,5.3,53,0.2,768,346,a,2026-02-21T01:14:44.607717
469,Pope,Nick,Pope,Newcastle,15,1,5.1,51,4.6,1624,14380,a,2026-02-21T01:14:44.607717
471,Gillespie,Mark,Gillespie,Newcastle,15,1,3.9,39,0.1,70,117,a,2026-02-21T01:14:44.607717
473,Hall,Lewis,Hall,Newcastle,15,2,5.3,53,2.4,6388,25307,a,2026-02-21T01:14:44.607717
476,Burn,Dan,Burn,Newcastle,15,2,5.0,50,3.2,5016,4691,a,2026-02-21T01:14:44.607717
478,Trippier,Kieran,Trippier,Newcastle,15,2,4.9,49,1.3,2178,1624,a,2026-02-21T01:14:44.607717
481,A.Murphy,Alex,Murphy,Newcastle,15,2,3.8,38,0.7,986,1362,a,2026-02-21T01:14:44.607717
483,Pivas,Miodrag,Pivaš,Newcastle,15,2,3.8,38,0.4,501,686,a,2026-02-21T01:14:44.607717
485,Gordon,Anthony,Gordon,Newcastle,15,3,7.2,72,2.2,20282,11390,a,2026-02-21T01:14:44.607717
486,Elanga,Anthony,Elanga,Newcastle,15,3,6.5,65,2.6,1437,2205,a,2026-02-21T01:14:44.607717
487,Barnes,Harvey,Barnes,Newcastle,15,3,6.1,61,1.3,4096,17418,a,2026-02-21T01:14:44.607717
489,J.Murphy,Jacob,Murphy,Newcastle,15,3,5.9,59,0.6,709,1262,a,2026-02-21T01:14:44.607717
490,Joelinton,Joelinton Cássio,Apolinário de Lira,Newcastle,15,3,5.9,59,0.3,299,1250,a,2026-02-21T01:14:44.607717
491,Tonali,Sandro,Tonali,Newcastle,15,3,5.3,53,1.0,3892,3257,a,2026-02-21T01:14:44.607717
494,Willock,Joe,Willock,Newcastle,15,3,5.0,50,0.1,601,315,a,2026-02-21T01:14:44.607717
500,Osula,William,Osula,Newcastle,15,4,5.4,54,0.2,275,232,a,2026-02-21T01:14:44.607717
501,Neave,Sean,Neave,Newcastle,15,4,4.3,43,0.3,881,611,a,2026-02-21T01:14:44.607717
674,Ramsdale,Aaron,Ramsdale,Newcastle,15,1,4.8,48,0.7,386,1506,a,2026-02-21T01:14:44.607717
684,Thiaw,Malick,Thiaw,Newcastle,15,2,5.0,50,4.3,30812,24666,a,2026-02-21T01:14:44.607717
689,Seung soo,Seung-Soo,Park,Newcastle,15,3,4.3,43,0.5,6768,3249,a,2026-02-21T01:14:44.607717
714,Woltemade,Nick,Woltemade,Newcastle,15,4,6.9,69,8.0,5732,83399,a,2026-02-21T01:14:44.607717
753,Ruddy,John,Ruddy,Newcastle,15,1,4.0,40,0.0,56,69,a,2026-02-21T01:14:44.607717
765,Shahar,Leo,Shahar,Newcastle,15,2,4.0,40,0.0,219,169,a,2026-02-21T01:14:44.607717
772,Alabi,Sam,Alabi,Newcastle,15,3,4.5,45,0.0,49,28,a,2026-02-21T01:14:44.607717
400,Ortega Moreno,Stefan,Ortega Moreno,Nott'm Forest,16,1,4.7,47,0.2,873,913,a,2026-02-21T01:14:44.607717
426,McAtee,James,McAtee,Nott'm Forest,16,3,5.0,50,0.1,113,186,a,2026-02-21T01:14:44.607717
505,Milenković,Nikola,Milenković,Nott'm Forest,16,2,5.1,51,3.2,5173,8514,a,2026-02-21T01:14:44.607717
506,Murillo,Murillo,Costa dos Santos,Nott'm Forest,16,2,5.2,52,1.9,1395,14597,a,2026-02-21T01:14:44.607717
507,Aina,Ola,Aina,Nott'm Forest,16,2,4.7,47,2.3,7980,6062,a,2026-02-21T01:14:44.607717
508,N.Williams,Neco,Williams,Nott'm Forest,16,2,4.7,47,2.9,2325,5630,a,2026-02-21T01:14:44.607717
510,Jair Cunha,Jair,Paula da Cunha Filho,Nott'm Forest,16,2,4.2,42,0.1,51,96,a,2026-02-21T01:14:44.607717
511,Morato,Felipe,Rodrigues da Silva,Nott'm Forest,16,2,4.3,43,0.1,204,200,a,2026-02-21T01:14:44.607717
513,Abbott,Zach,Abbott,Nott'm Forest,16,2,3.8,38,0.3,466,517,a,2026-02-21T01:14:44.607717
515,Gibbs-White,Morgan,Gibbs-White,Nott'm Forest,16,3,7.3,73,3.5,6515,39912,a,2026-02-21T01:14:44.607717
516,Hudson-Odoi,Callum,Hudson-Odoi,Nott'm Forest,16,3,5.7,57,0.7,923,3437,a,2026-02-21T01:14:44.607717
517,Anderson,Elliot,Anderson,Nott'm Forest,16,3,5.4,54,6.0,40451,28535,a,2026-02-21T01:14:44.607717
519,Dominguez,Nicolás,Domínguez,Nott'm Forest,16,3,5.0,50,0.0,73,359,a,2026-02-21T01:14:44.607717
521,Sangaré,Ibrahim,Sangaré,Nott'm Forest,16,3,4.9,49,0.1,211,354,a,2026-02-21T01:14:44.607717
522,Yates,Ryan,Yates,Nott'm Forest,16,3,4.7,47,0.1,85,104,a,2026-02-21T01:14:44.607717
523,Da Silva Moreira,Eric,da Silva Moreira,Nott'm Forest,16,3,4.5,45,0.1,109,64,a,2026-02-21T01:14:44.607717
526,Igor Jesus,Igor Jesus,Maciel da Cruz,Nott'm Forest,16,4,5.8,58,1.3,4826,22194,a,2026-02-21T01:14:44.607717
527,Awoniyi,Taiwo,Awoniyi,Nott'm Forest,16,4,5.2,52,0.3,440,736,a,2026-02-21T01:14:44.607717
669,Ndoye,Dan,Ndoye,Nott'm Forest,16,3,5.5,55,0.7,154,618,a,2026-02-21T01:14:44.607717
675,Gunn,Angus,Gunn,Nott'm Forest,16,1,4.0,40,1.1,269,578,a,2026-02-21T01:14:44.607717
693,Hutchinson,Omari,Hutchinson,Nott'm Forest,16,3,5.4,54,0.1,129,682,a,2026-02-21T01:14:44.607717
734,Bakwa,Dilane,Bakwa,Nott'm Forest,16,3,5.9,59,0.0,52,86,a,2026-02-21T01:14:44.607717
805,Lucca,Lorenzo,Lucca,Nott'm Forest,16,4,5.5,55,0.0,510,800,a,2026-02-21T01:14:44.607717
814,Netz,Luca,Netz,Nott'm Forest,16,2,4.5,45,0.0,44,33,a,2026-02-21T01:14:44.607717
529,Moore,Simon,Moore,Sunderland,17,1,3.9,39,0.4,264,304,a,2026-02-21T01:14:44.607717
531,Ballard,Daniel,Ballard,Sunderland,17,2,4.6,46,3.1,13657,5454,a,2026-02-21T01:14:44.607717
532,Hume,Trai,Hume,Sunderland,17,2,4.5,45,0.3,480,718,a,2026-02-21T01:14:44.607717
535,Cirkin,Dennis,Cirkin,Sunderland,17,2,4.0,40,0.1,142,301,a,2026-02-21T01:14:44.607717
539,O'Nien,Luke,O'Nien,Sunderland,17,2,4.0,40,0.1,136,166,a,2026-02-21T01:14:44.607717
544,Diarra,Habib,Diarra,Sunderland,17,3,5.3,53,0.1,1132,326,a,2026-02-21T01:14:44.607717
546,Aleksić,Milan,Aleksić,Sunderland,17,3,4.9,49,0.0,22,15,a,2026-02-21T01:14:44.607717
547,E.Le Fée,Enzo,Le Fée,Sunderland,17,3,4.9,49,1.2,7506,7692,a,2026-02-21T01:14:44.607717
548,Mundle,Romaine,Mundle,Sunderland,17,3,4.9,49,0.0,27,29,a,2026-02-21T01:14:44.607717
550,Poveda,Ian,Poveda-Ocampo,Sunderland,17,3,4.8,48,0.0,37,41,a,2026-02-21T01:14:44.607717
551,Rigg,Chris,Rigg,Sunderland,17,3,4.7,47,0.0,56,106,a,2026-02-21T01:14:44.607717
552,Sadiki,Noah,Sadiki,Sunderland,17,3,4.9,49,0.1,251,160,a,2026-02-21T01:14:44.607717
553,Talbi,Chemsdine,Talbi,Sunderland,17,3,4.9,49,0.2,584,371,a,2026-02-21T01:14:44.607717
554,Ba,Abdoullah,Ba,Sunderland,17,3,4.3,43,0.3,540,778,a,2026-02-21T01:14:44.607717
557,H.Jones,Harrison,Jones,Sunderland,17,3,4.3,43,0.1,309,210,a,2026-02-21T01:14:44.607717
560,Isidor,Wilson,Isidor,Sunderland,17,4,5.1,51,1.4,2654,5481,a,2026-02-21T01:14:44.607717
561,Mayenda,Eliezer,Mayenda Dossou,Sunderland,17,4,5.2,52,0.5,311,654,a,2026-02-21T01:14:44.607717
562,Abdullahi,Ahmed,Abdullahi,Sunderland,17,4,4.2,42,0.5,3736,1962,a,2026-02-21T01:14:44.607717
668,Xhaka,Granit,Xhaka,Sunderland,17,3,5.1,51,3.5,1644,27812,a,2026-02-21T01:14:44.607717
670,Roefs,Robin,Roefs,Sunderland,17,1,4.9,49,11.7,24921,26906,a,2026-02-21T01:14:44.607717
683,Alderete,Omar,Alderete,Sunderland,17,2,4.1,41,6.4,18097,15026,a,2026-02-21T01:14:44.607717
694,Mukiele,Nordi,Mukiele,Sunderland,17,2,4.6,46,14.0,78828,23665,a,2026-02-21T01:14:44.607717
724,Geertruida,Lutsharel,Geertruida,Sunderland,17,2,4.5,45,0.0,165,201,a,2026-02-21T01:14:44.607717
730,Brobbey,Brian,Brobbey,Sunderland,17,4,5.5,55,1.3,16792,13652,a,2026-02-21T01:14:44.607717
774,Jenson Jones,Jenson,Jones,Sunderland,17,2,4.0,40,0.0,99,84,a,2026-02-21T01:14:44.607717
800,Jocelin.T,Djiamgone Jocelin Ta,Bi,Sunderland,17,3,5.0,50,0.0,19,12,a,2026-02-21T01:14:44.607717
812,Ellborg,Melker,Ellborg,Sunderland,17,1,4.0,40,0.0,88,38,a,2026-02-21T01:14:44.607717
813,Angulo,Nilson,Angulo,Sunderland,17,3,5.0,50,0.0,190,33,a,2026-02-21T01:14:44.607717
565,Vicario,Guglielmo,Vicario,Spurs,18,1,4.7,47,5.9,1889,19125,a,2026-02-21T01:14:44.607717
566,Austin,Brandon,Austin,Spurs,18,1,3.9,39,0.3,150,253,a,2026-02-21T01:14:44.607717
567,Kinsky,Antonín,Kinský,Spurs,18,1,3.9,39,1.6,441,1604,a,2026-02-21T01:14:44.607717
572,Dragusin,Radu,Drăgușin,Spurs,18,2,4.5,45,0.0,153,422,a,2026-02-21T01:14:44.607717
573,Spence,Djed,Spence,Spurs,18,2,4.2,42,1.0,1220,2764,a,2026-02-21T01:14:44.607717
575,Van de Ven,Micky,van de Ven,Spurs,18,2,4.5,45,23.5,24121,74275,a,2026-02-21T01:14:44.607717
584,Tel,Mathys,Tel,Spurs,18,3,6.2,62,0.1,251,858,a,2026-02-21T01:14:44.607717
587,Bissouma,Yves,Bissouma,Spurs,18,3,5.2,52,0.0,220,128,a,2026-02-21T01:14:44.607717
591,Gray,Archie,Gray,Spurs,18,3,4.8,48,0.1,1616,432,a,2026-02-21T01:14:44.607717
593,P.M.Sarr,Pape Matar,Sarr,Spurs,18,3,4.5,45,1.0,12520,2077,a,2026-02-21T01:14:44.607717
595,Olusesi,Callum,Olusesi,Spurs,18,3,4.3,43,0.2,578,408,a,2026-02-21T01:14:44.607717
596,Solanke,Dominic,Solanke-Mitchell,Spurs,18,4,7.2,72,1.3,7920,13858,a,2026-02-21T01:14:44.607717
673,J.Palhinha,João Maria,Lobo Alves Palhares Costa Palhinha Gonçalves,Spurs,18,3,5.5,55,0.8,811,3159,a,2026-02-21T01:14:44.607717
717,Xavi,Xavi,Simons,Spurs,18,3,6.5,65,1.2,4309,7295,a,2026-02-21T01:14:44.607717
726,Kolo Muani,Randal,Kolo Muani,Spurs,18,4,6.9,69,0.3,720,1733,a,2026-02-21T01:14:44.607717
745,Byfield,Jun'ai,Byfield,Spurs,18,2,4.0,40,0.0,59,102,a,2026-02-21T01:14:44.607717
750,Rowswell,James,Rowswell,Spurs,18,2,4.0,40,0.0,81,98,a,2026-02-21T01:14:44.607717
790,Williams-Barnett,Lucá,Williams-Barnett,Spurs,18,3,4.5,45,0.0,87,46,a,2026-02-21T01:14:44.607717
796,Gallagher,Conor,Gallagher,Spurs,18,3,5.4,54,0.2,1255,2707,a,2026-02-21T01:14:44.607717
804,Souza,João Victor,de Souza Menezes,Spurs,18,2,4.0,40,0.0,218,156,a,2026-02-21T01:14:44.607717
811,Kyerematen,Rio,Kyerematen,Spurs,18,3,4.5,45,0.0,47,33,a,2026-02-21T01:14:44.607717
326,Adama,Adama,Traoré Diarra,West Ham,19,3,5.1,51,0.2,739,499,a,2026-02-21T01:14:44.607717
600,Areola,Alphonse,Areola,West Ham,19,1,4.3,43,2.2,2973,5925,a,2026-02-21T01:14:44.607717
603,Diouf,El Hadji Malick,Diouf,West Ham,19,2,4.0,40,1.6,16133,2272,a,2026-02-21T01:14:44.607717
605,Kilman,Maximilian,Kilman,West Ham,19,2,4.2,42,0.1,117,426,a,2026-02-21T01:14:44.607717
606,Mavropanos,Konstantinos,Mavropanos,West Ham,19,2,4.4,44,0.1,1012,629,a,2026-02-21T01:14:44.607717
608,Scarles,Ollie,Scarles,West Ham,19,2,4.3,43,0.0,72,134,a,2026-02-21T01:14:44.607717
609,Todibo,Jean-Clair,Todibo,West Ham,19,2,4.3,43,0.1,190,156,a,2026-02-21T01:14:44.607717
610,Wan-Bissaka,Aaron,Wan-Bissaka,West Ham,19,2,4.1,41,4.5,22461,5156,a,2026-02-21T01:14:44.607717
613,Souček,Tomáš,Souček,West Ham,19,3,5.7,57,0.3,3557,633,a,2026-02-21T01:14:44.607717
615,Summerville,Crysencio,Summerville,West Ham,19,3,5.6,56,2.9,97826,12155,a,2026-02-21T01:14:44.607717
624,Bowen,Jarrod,Bowen,West Ham,19,4,7.6,76,8.7,51174,49018,a,2026-02-21T01:14:44.607717
659,Walker-Peters,Kyle,Walker-Peters,West Ham,19,2,4.2,42,0.3,295,544,a,2026-02-21T01:14:44.607717
671,Wilson,Callum,Wilson,West Ham,19,4,5.8,58,0.6,1574,2980,a,2026-02-21T01:14:44.607717
679,Hermansen,Mads,Hermansen,West Ham,19,1,4.2,42,0.2,3394,668,a,2026-02-21T01:14:44.607717
708,M.Fernandes,Mateus Gonçalo,Espanha Fernandes,West Ham,19,3,5.5,55,0.4,9464,3492,a,2026-02-21T01:14:44.607717
718,S.Magassa,Soungoutou,Magassa,West Ham,19,3,5.0,50,0.0,59,103,a,2026-02-21T01:14:44.607717
747,Mayers,Ezra,Mayers,West Ham,19,2,4.0,40,0.0,71,97,a,2026-02-21T01:14:44.607717
752,Golambeckis,Airidas,Golambeckis,West Ham,19,2,4.0,40,0.0,79,97,a,2026-02-21T01:14:44.607717
758,Mohamadou Kanté,Mohamadou,Kanté,West Ham,19,3,4.5,45,0.0,78,67,a,2026-02-21T01:14:44.607717
791,Taty,Valentín,Castellanos,West Ham,19,4,5.5,55,0.1,2498,1724,a,2026-02-21T01:14:44.607717
802,Lamadrid,Keiber,Lamadrid,West Ham,19,3,5.0,50,0.0,34,39,a,2026-02-21T01:14:44.607717
815,Disasi,Axel,Disasi,West Ham,19,2,4.5,45,0.1,2261,785,a,2026-02-21T01:14:44.607717
627,Johnstone,Sam,Johnstone,Wolves,20,1,4.4,44,0.1,273,333,a,2026-02-21T01:14:44.607717
628,José Sá,José,Malheiro de Sá,Wolves,20,1,4.2,42,1.2,5356,2739,a,2026-02-21T01:14:44.607717
629,Bentley,Daniel,Bentley,Wolves,20,1,3.9,39,0.5,620,413,a,2026-02-21T01:14:44.607717
632,Doherty,Matt,Doherty,Wolves,20,2,4.4,44,0.1,68,153,a,2026-02-21T01:14:44.607717
633,H.Bueno,Hugo,Bueno López,Wolves,20,2,4.3,43,0.2,848,2202,a,2026-02-21T01:14:44.607717
634,Mosquera,Yerson,Mosquera Valdelamar,Wolves,20,2,4.3,43,0.1,343,744,a,2026-02-21T01:14:44.607717
635,R.Gomes,Rodrigo,Martins Gomes,Wolves,20,2,4.4,44,0.1,58,120,a,2026-02-21T01:14:44.607717
636,S.Bueno,Santiago,Ignacio Bueno,Wolves,20,2,4.4,44,0.1,673,892,a,2026-02-21T01:14:44.607717
640,Pedro Lima,Pedro,Cardoso de Lima,Wolves,20,2,4.0,40,0.4,144,311,a,2026-02-21T01:14:44.607717
643,André,André,Trindade da Costa Neto,Wolves,20,3,5.2,52,0.1,105,302,a,2026-02-21T01:14:44.607717
644,Bellegarde,Jean-Ricner,Bellegarde,Wolves,20,3,5.1,51,0.0,109,333,a,2026-02-21T01:14:44.607717
646,J.Gomes,João Victor,Gomes da Silva,Wolves,20,3,5.3,53,0.3,471,7732,a,2026-02-21T01:14:44.607717
651,Edozie,Tom,Edozie,Wolves,20,3,4.3,43,0.4,2618,756,a,2026-02-21T01:14:44.607717
652,Gonzalez,Enso,González Medina,Wolves,20,3,4.3,43,1.3,2134,2442,a,2026-02-21T01:14:44.607717
658,Fraser,Nathan,Fraser,Wolves,20,4,4.2,42,2.0,10765,5667,a,2026-02-21T01:14:44.607717
682,Møller Wolfe,David,Møller Wolfe,Wolves,20,2,4.2,42,0.1,53,95,a,2026-02-21T01:14:44.607717
695,Tchatchoua,Jackson,Tchatchoua,Wolves,20,2,4.4,44,0.0,32,115,a,2026-02-21T01:14:44.607717
709,Krejčí,Ladislav,Krejcí,Wolves,20,2,4.5,45,0.1,456,501,a,2026-02-21T01:14:44.607717
720,Tolu,Tolu,Arokodare,Wolves,20,4,5.4,54,0.3,1109,6516,a,2026-02-21T01:14:44.607717
749,Mané,Mateus,Mané,Wolves,20,4,4.6,46,2.9,13594,33618,a,2026-02-21T01:14:44.607717
766,Olagunju,Saheed,Olagunju,Wolves,20,2,4.0,40,0.0,201,168,a,2026-02-21T01:14:44.607717
767,Rawlings,Luke,Rawlings,Wolves,20,3,4.5,45,0.0,62,42,a,2026-02-21T01:14:44.607717
778,Sutherland,Ethan,Sutherland,Wolves,20,3,4.5,45,0.0,53,59,a,2026-02-21T01:14:44.607717
809,Abbey,Jerome,Abbey,Wolves,20,3,4.5,45,0.0,166,66,a,2026-02-21T01:14:44.607717
816,Angel,Angel,Gomes,Wolves,20,3,5.0,50,0.0,148,772,a,2026-02-21T01:14:44.607717
817,Armstrong,Adam,Armstrong,Wolves,20,4,5.5,55,0.1,575,2431,a,2026-02-21T01:14:44.607717
