date,player_id,web_name,direction,signal_score
2026-10-02,664,Salia,rise,63599.280000000006
2026-10-02,138,Kostoulas,rise,55370.776213705
2026-10-02,667,Wright,rise,49739.44
2026-10-02,53,Manzambi,rise,48770.98
2026-10-02,650,Affengruber,rise,34589.28
2026-10-02,93,Schuster,rise,33584.02666666667
2026-10-02,94,Schade,rise,24944.901361319346
2026-10-02,124,Groß,rise,21106.137668535972
2026-10-02,268,King,rise,21033.381538461537
2026-10-02,453,Barnes,rise,19549.838596491227
2026-10-02,639,Andrés,rise,19111.44
2026-10-02,661,Balcombe,rise,18348.320000000003
2026-10-02,5,J.Timber,rise,16823.44
2026-10-02,166,N.Jackson,rise,14765.978666666666
2026-10-02,105,Anthony,rise,13509.68
2026-10-02,330,Bogle,rise,10801.730000000001
2026-10-02,449,Hall,rise,10234.349595375723
2026-10-02,229,Tarkowski,rise,10074.916985761227
2026-10-02,504,Vuskovic,rise,9173.6
2026-10-02,649,Maitland-Niles,rise,8216.297142857144
